id_biblioteca,nombre,mail,fecha_fundacion
0,6588,,1980-01-01
1,6588,,1933-10-12
2,6007,,1912-08-23
3,6007,hotmail,1925-01-01
4,6014,yahoo,1925-05-10
5,6014,hotmail,1942-11-30
6,6021,hotmail,1925-01-01
7,6028,,1918-08-01
8,6028,,1999-08-28
9,6028,tutopia,1980-01-01
10,6028,gmail,1969-03-22
11,6028,yahoo,1998-05-16
12,6028,yahoo,2007-11-16
13,6028,yahoo,1956-03-11
14,6028,gmail,1999-12-10
15,6427,,1980-01-01
16,6035,yahoo,1932-03-01
17,6035,yahoo,1940-06-28
18,6035,gmail,2001-09-15
19,6035,yahoo,1996-05-07
20,6035,hotmail,1919-12-22
21,6035,yahoo,1980-01-01
22,6035,gmail,1998-04-24
23,6035,hotmail,1918-10-10
24,6035,,2002-06-02
25,6035,,1921-10-28
26,6035,yahoo,1987-07-24
27,6035,yahoo,1980-01-01
28,6035,yahoo,1985-09-13
29,6035,,1922-05-14
30,6035,yahoo,2008-07-09
31,6042,,
32,6049,bibliotecaronco,
33,6049,,1918-05-26
34,6049,yahoo,1939-01-06
35,6056,abrbp,
36,6056,yahoo,1922-04-10
37,6056,,1960-09-27
38,6056,,1980-01-01
39,6056,yahoo,1980-01-01
40,6056,yahoo,1996-11-20
41,6056,yahoo,2000-09-16
42,6056,yahoo,1996-04-13
43,6056,gmail,1980-01-01
44,6056,gmail,1980-01-01
45,6056,yahoo,2006-04-24
46,6056,,1963-06-01
47,6056,,1966-11-10
48,6056,gmail,1925-08-24
49,6056,yahoo,1989-12-29
50,6063,yahoo,1923-12-01
51,6070,,
52,6070,,1919-10-05
53,6070,,1980-01-01
54,6077,yahoo,1939-04-22
55,6084,gmail,1946-12-26
56,6091,hotmail,1924-08-04
57,6091,hotmail,1986-11-04
58,6091,hotmail,2002-09-21
59,6091,yahoo,1984-05-12
60,6091,yahoo,1980-01-01
61,6098,gmail,1935-07-09
62,6098,,1944-06-11
63,6098,yahoo,1949-02-02
64,6098,,1943-06-06
65,6098,,1980-01-01
66,6098,hotmail,1995-06-10
67,6098,,1947-06-20
68,6105,yahoo,1911-12-15
69,6105,yahoo,1926-05-26
70,6105,,1972-07-08
71,6105,yahoo,1933-07-21
72,6112,yahoo,1943-12-03
73,6112,,1997-07-31
74,6112,,1926-05-01
75,6021,live,1940-06-01
76,6112,yahoo,1980-01-01
77,6119,,1932-05-25
78,6119,hotmail,1980-01-01
79,6119,,2002-03-22
80,6126,yahoo,1992-09-08
81,6134,hotmail,1927-07-01
82,6134,yahoo,1980-01-01
83,6140,hotmail,1923-05-21
84,6147,gmail,1963-09-07
85,6147,hotmail,2009-02-28
86,6147,,1984-12-01
87,6154,yahoo,1916-10-28
88,6154,servicoopsa,1920-09-26
89,6161,yahoo,1914-09-08
90,6168,yahoo,1940-04-24
91,6210,,1907-01-01
92,6210,,1920-01-01
93,6217,yahoo,
94,6217,hotmail,1982-09-25
95,6217,yahoo,1986-02-13
96,6217,hotmail,1994-10-07
97,6217,yahoo,1997-02-22
98,6224,hotmail,
99,6182,,1994-09-23
100,6182,gmail,2002-07-19
101,6189,,1928-05-24
102,6189,gmail,1982-03-01
103,6189,altisa,1928-12-05
104,6196,,1932-07-10
105,6203,yahoo,1915-01-31
106,6203,gmail,1991-01-31
107,6203,gmail,1969-09-27
108,6175,,1920-04-24
109,6182,gmail,1933-02-19
110,6182,hotmail,1980-01-01
111,6238,,1945-10-27
112,6245,,1917-07-22
113,6245,,1932-06-18
114,6245,,1924-11-18
115,6245,,1957-04-02
116,6245,yahoo,1980-01-01
117,6252,gmail,1932-09-25
118,6252,yahoo,1929-07-09
119,6260,gmail,1964-05-24
120,6260,,1932-09-01
121,6260,,1980-01-01
122,6270,gmail,1993-11-06
123,6270,yahoo,1959-08-09
124,6274,,1995-08-19
125,6274,yahoo,1920-07-04
126,6274,yahoo,1985-03-31
127,6274,hotmail,1980-01-01
128,6274,,1999-08-30
129,6274,gmail,1980-01-01
130,6274,yahoo,1980-01-01
131,6274,live,2004-05-18
132,6274,,2000-07-02
133,6274,yahoo,1980-01-01
134,6280,,1997-05-25
135,6280,yahoo,1976-12-19
136,6287,yahoo,1915-04-29
137,6294,,1932-10-12
138,6294,,2003-10-23
139,6308,,1980-01-01
140,6315,,1944-04-02
141,6322,yahoo,1944-03-15
142,6329,,1914-12-02
143,6336,hotmail,1974-05-01
144,6351,yahoo,1996-11-22
145,6351,,1913-06-13
146,6351,,1961-03-01
147,6351,hotmail,2000-06-10
148,6357,,1911-11-16
149,6357,,1994-11-21
150,6357,,1980-01-01
151,6357,,1980-01-01
152,6357,,1996-09-21
153,6357,,2014-11-10
154,6364,,1936-07-20
155,6385,yahoo,1939-05-07
156,6385,,2011-05-12
157,6392,yahoo,1961-10-21
158,6392,cseca,1991-06-28
159,6392,servicoopsa,1935-08-25
160,6392,servicoopsa,1979-10-27
161,6392,hotmail,1991-09-05
162,6399,,2000-08-20
163,6399,yahoo,1980-01-01
164,6399,hotmail,2000-11-27
165,6399,yahoo,1980-01-01
166,6399,,1956-10-25
167,6406,yahoo,1922-06-14
168,6408,,1975-05-13
169,6408,yahoo,1980-01-01
170,6410,yahoo,2000-04-16
171,6413,,1909-05-27
172,6413,,1923-04-12
173,6413,,1928-10-05
174,6413,,1930-02-04
175,6413,gmail,1933-06-02
176,6413,hotmail,1929-02-19
177,6413,gmail,2022-03-11
178,6413,,1940-05-07
179,6420,yahoo,1985-09-01
180,6420,yahoo,1992-06-15
181,6420,yahoo,2005-07-23
182,6420,,1980-01-01
183,6420,educar,1980-01-01
184,6420,hotmail,1980-01-01
185,6427,,1963-11-03
186,6427,hotmail,1976-09-04
187,6427,,1980-01-01
188,6427,gmail,1980-01-01
189,6427,yahoo,1980-01-01
190,6427,yahoo,1998-11-10
191,6427,hotmail,1980-01-01
192,6427,yahoo,2000-06-01
193,6427,yahoo,1993-06-11
194,6427,yahoo,1999-03-30
195,6427,gmail,2003-02-21
196,6427,yahoo,1930-04-18
197,6427,,1998-02-17
198,6427,,1999-02-02
199,6427,yahoo,1999-12-06
200,6441,yahoo,1936-09-26
201,6441,,1997-09-20
202,6441,yahoo,1918-05-02
203,6441,,1915-10-01
204,6441,,1927-12-27
205,6441,,1903-10-12
206,6441,,1927-08-03
207,6441,hotmail,1936-04-15
208,6441,hotmail,1929-04-16
209,6441,gmail,1941-12-06
210,6441,hotmail,1945-01-01
211,6441,gmail,1944-07-01
212,6441,,1947-09-21
213,6441,,1939-03-27
214,6441,,1954-11-30
215,6441,,1940-11-12
216,6441,,1950-02-23
217,6441,,1980-01-01
218,6441,gmail,1980-01-01
219,6441,,1960-10-12
220,6441,yahoo,1993-08-23
221,6441,hotmail,1980-01-01
222,6441,yahoo,2001-11-04
223,6441,hotmail,1980-01-01
224,6441,hotmail,2011-02-01
225,6441,gmail,2007-10-01
226,6441,yahoo,1933-09-11
227,6441,yahoo,1980-01-01
228,6441,,1995-06-02
229,6441,hotmail,1936-07-11
230,6441,,1923-12-23
231,6441,yahoo,1999-10-12
232,6441,,1920-06-08
233,6434,,1999-04-30
234,6434,,1917-09-07
235,6434,,1945-10-12
236,6434,,1994-06-06
237,6434,,2001-07-16
238,6434,hotmail,1980-01-01
239,6434,,1997-03-16
240,6434,gmail,1980-01-01
241,6434,gmail,1919-09-19
242,6434,yahoo,1955-09-03
243,6434,hotmail,1930-10-05
244,6434,yahoo,1918-03-01
245,6434,hotmail,1914-12-13
246,6448,yahoo,1940-12-01
247,6455,,1928-08-12
248,6462,live,1916-08-20
249,6462,hotmail,1988-06-20
250,6462,yahoo,1961-07-09
251,6469,,1945-09-17
252,6469,hotmail,1932-06-12
253,6469,yahoo,1958-04-18
254,6469,,1980-01-01
255,6469,,1980-01-01
256,6469,hotmail,
257,6476,,1918-04-05
258,6469,,1926-08-06
259,6476,gmail,1993-06-10
260,6483,,1920-12-27
261,6483,yahoo,1912-03-16
262,6483,yahoo,1902-01-12
263,6483,,1980-01-01
264,6490,,1980-01-01
265,6490,,1980-01-01
266,6490,,1980-01-01
267,6490,yahoo,1980-01-01
268,6490,gmail,1900-05-02
269,6490,,1938-09-18
270,6490,yahoo,2002-12-06
271,6490,gmail,2003-01-25
272,6490,hotmail,1980-01-01
273,6490,yahoo,1980-01-01
274,6490,,1980-01-01
275,6490,hotmail,2000-08-16
276,6497,gmail,2001-03-02
277,6497,gmail,1914-11-27
278,6497,,1918-03-29
279,6497,,1996-05-25
280,6497,hotmail,1926-05-10
281,6505,gmail,2008-04-07
282,6511,,1966-07-09
283,6515,yahoo,1975-04-01
284,6515,,2007-06-02
285,6515,hotmail,1998-06-13
286,6515,gmail,1998-11-05
287,6515,,1980-01-01
288,6518,yahoo,1977-10-05
289,6525,gmail,1936-09-12
290,6532,hotmail,
291,6028,,1986-04-02
292,6539,,1991-01-24
293,6539,,1980-01-01
294,6539,,1980-01-01
295,6539,bibliotecaguiraldes,2000-10-20
296,6547,,1980-01-01
297,6547,hotmail,1950-09-20
298,6553,,1980-01-01
299,6560,,2000-09-15
300,6560,live,1954-01-24
301,6560,,2000-09-17
302,6560,gmail,2008-06-20
303,6560,,2000-04-25
304,6560,gmail,1980-01-01
305,6560,cbmm,1916-08-30
306,6560,hotmail,1980-01-01
307,6560,,1980-01-01
308,6560,hotmail,1958-08-06
309,6560,,1958-06-20
310,6560,,1929-07-21
311,6560,hotmail,1945-02-04
312,6560,yahoo,2001-06-30
313,6560,,1971-07-29
314,6560,hotmail,1999-12-02
315,6568,,1964-03-22
316,6568,hotmail,1997-01-27
317,6574,yahoo,1980-01-01
318,6574,copesnet,1907-04-14
319,6581,,1980-01-01
320,6581,,1980-01-01
321,6581,arnet,1926-04-03
322,6581,,1932-09-11
323,6581,hotmail,1980-01-01
324,6595,,1980-01-01
325,6595,hotmail,1904-06-20
326,6595,,1909-07-25
327,6595,yahoo,1996-02-01
328,6595,hotmail,1998-11-25
329,6595,,1980-01-01
330,6595,,1980-01-01
331,6595,,2010-09-24
332,6595,,1999-12-13
333,6595,yahoo,1948-04-25
334,6595,gmail,2021-08-23
335,6602,yahoo,1927-10-12
336,6609,live,1952-06-29
337,6609,,1931-12-03
338,6609,gmail,1910-06-11
339,6609,yahoo,1993-08-12
340,6616,,1914-10-11
341,6623,,1933-07-09
342,6623,hotmail,1926-12-01
343,6623,yahoo,1900-10-19
344,6623,,1929-09-11
345,6638,yahoo,2002-03-29
346,6638,yahoo,2007-05-15
347,6638,hotmail,2001-09-05
348,6638,yahoo,1922-03-12
349,6638,gmail,2008-05-18
350,6638,,1978-01-03
351,6644,,1980-01-01
352,6644,telpin,1970-06-20
353,6651,yahoo,1990-04-09
354,6651,yahoo,1988-01-08
355,6651,,1930-01-22
356,6655,,1941-07-19
357,6658,,1980-01-01
358,6658,,1932-08-21
359,6091,yahoo,1980-01-01
360,6658,hotmail,1972-07-28
361,6658,yahoo,1998-08-17
362,6658,,1980-01-01
363,6658,yahoo,1959-08-15
364,6658,yahoo,2000-05-02
365,6658,gmail,1980-01-01
366,6658,yahoo,2011-12-07
367,6028,,1984-09-28
368,6028,,1994-04-23
369,6665,,1999-05-25
370,6665,,1951-08-11
371,6665,,1999-06-26
372,6665,hotmail,1995-10-25
373,6672,gmail,1920-03-20
374,6672,yahoo,2001-02-20
375,6679,gmail,1980-01-01
376,6686,,1932-02-28
377,6693,yahoo,1946-06-29
378,6700,,1942-11-22
379,6700,gmail,1914-01-03
380,6700,yahoo,1916-05-15
381,6707,,1980-01-01
382,6714,hotmail,1980-01-01
383,6714,,1901-09-14
384,6728,,1980-01-01
385,6735,hotmail,2006-11-06
386,6735,yahoo,1957-12-01
387,6742,,1940-07-28
388,6742,,1980-01-01
389,6749,,1997-11-14
390,6749,gmail,
391,6749,,1980-01-01
392,6749,,1980-01-01
393,6749,gmail,1939-01-14
394,6749,,2000-10-10
395,6749,,2001-11-16
396,6756,,1980-01-01
397,6756,,1982-05-23
398,6756,yahoo,1980-01-01
399,6756,,1913-07-28
400,6756,,
401,6756,,1980-01-01
402,6756,,1980-01-01
403,6371,yahoo,1914-10-04
404,6371,hotmail,1980-01-01
405,6371,,2022-07-19
406,6371,,1980-01-01
407,6371,,1980-01-01
408,6371,gmail,1927-02-23
409,6371,gmail,1964-11-15
410,6371,hotmail,1980-01-01
411,6371,yahoo,1925-07-09
412,6371,hotmail,1945-04-22
413,6371,,1980-01-01
414,6371,hotmail,2000-08-19
415,6371,,1980-01-01
416,6371,yahoo,1980-01-01
417,6760,hotmail,1996-07-08
418,6760,yahoo,1995-08-26
419,6760,gmail,1980-01-01
420,6760,hotmail,1913-06-13
421,6763,,1947-04-24
422,6763,gmail,2000-07-07
423,6770,,
424,6770,gmail,1927-04-28
425,6778,yahoo,1923-04-08
426,6778,,1936-05-03
427,6784,yahoo,1930-09-26
428,6791,gmail,2011-09-24
429,6791,,1932-06-01
430,6791,yahoo,1916-05-26
431,6791,hotmail,1908-06-21
432,6791,,1919-06-06
433,6791,yahoo,1980-01-01
434,6791,hotmail,1978-09-20
435,6791,yahoo,1984-07-15
436,6791,,1988-05-15
437,6791,yahoo,1998-07-18
438,6791,gmail,1999-12-04
439,6791,,1995-11-17
440,6791,,1980-01-01
441,6791,,1980-01-01
442,6798,tapalque,1980-01-01
443,6805,netben,1985-06-05
444,6805,hotmail,1993-09-25
445,6805,hotmail,1980-01-01
446,6805,,2008-07-05
447,6805,yahoo,1992-05-20
448,6805,,1969-04-18
449,6805,,1980-01-01
450,6805,,1999-03-03
451,6805,,1996-10-10
452,6805,,1916-09-16
453,6805,yahoo,2003-08-02
454,6805,yahoo,2008-03-27
455,6805,yahoo,2014-10-07
456,6812,,1980-01-01
457,6819,gmail,1980-01-01
458,6819,gmail,1993-10-18
459,6819,yahoo,1917-04-01
460,6819,gmail,2001-08-06
461,6826,yahoo,1903-05-17
462,6826,,1937-01-01
463,6833,yahoo,1971-08-08
464,6833,,1963-03-13
465,6833,hotmail,1935-05-02
466,6833,hotmail,1927-08-27
467,6833,3net,1994-07-02
468,6833,yahoo,1993-09-30
469,6833,3net,
470,6833,gmail,1930-05-10
471,6833,hotmail,1980-01-01
472,6833,gmail,2006-07-08
473,6840,yahoo,1914-04-03
474,6840,gmail,1921-07-24
475,6840,hotmail,1944-01-02
476,6840,hotmail,1997-08-15
477,6840,gmail,1946-03-20
478,6840,,2001-09-11
479,6840,yahoo,1925-02-11
480,6840,hotmail,1920-11-11
481,6840,hotmail,1926-10-12
482,6847,,1939-09-29
483,6861,,1999-10-16
484,6861,,1921-10-09
485,6861,hotmail,1980-01-01
486,6861,yahoo,2008-04-21
487,6861,yahoo,1958-07-15
488,6861,,1975-04-29
489,6868,,1975-12-28
490,6868,,1980-01-01
491,6875,,1997-03-15
492,6875,gmail,1982-06-20
493,6875,,1967-07-15
494,6875,yahoo,1939-04-24
495,6882,hotmail,1922-01-17
496,10007,,1980-01-01
497,10021,,
498,10035,,1916-04-16
499,10035,,1980-01-01
500,10035,,1980-01-01
501,10035,,1996-08-02
502,10035,,1924-09-24
503,10042,yahoo,1980-01-01
504,10042,,1995-11-23
505,10042,,1912-02-22
506,10042,,1980-01-01
507,10049,,1942-08-31
508,10049,,1980-01-01
509,10049,,1997-10-23
510,10049,,1980-01-01
511,10056,,1980-01-01
512,10063,,1979-08-13
513,10063,yahoo,1965-03-20
514,10063,yahoo,1979-04-20
515,10070,,1980-01-01
516,10070,,1980-01-01
517,10077,,1996-10-15
518,10077,,1921-11-02
519,10084,,2007-11-16
520,10084,,1992-10-19
521,10063,,1980-01-01
522,10091,,1912-10-28
523,10098,hotmail,1980-01-01
524,10098,yahoo,1997-03-15
525,10098,,1997-09-21
526,10084,,1918-08-18
527,10091,,1928-09-23
528,10105,,1924-07-24
529,10112,,1980-01-01
530,10112,,1980-01-01
531,10112,,1995-12-15
532,10112,hotmail,1980-01-01
533,22036,,1960-05-25
534,22039,yahoo,1981-09-03
535,22168,yahoo,1995-09-23
536,22105,,1940-11-10
537,22105,hotmail,1980-01-01
538,22105,gmail,1974-05-13
539,22105,hotmail,1991-08-28
540,22014,,1980-01-01
541,22014,yahoo,2004-03-09
542,22014,,1980-01-01
543,22028,gmail,1966-08-17
544,22028,,1980-04-24
545,22028,,1980-01-01
546,22021,,1980-01-01
547,22021,hotmail,1980-01-01
548,22043,,1980-01-01
549,22049,gmail,1980-04-30
550,22056,hotmail,1980-01-01
551,22056,yahoo,1980-01-01
552,22063,yahoo,1980-01-01
553,22084,yahoo,1945-04-01
554,22084,live,1980-01-01
555,22084,yahoo,1980-01-01
556,22084,hotmail,1980-01-01
557,22084,,1980-01-01
558,22084,,1980-01-01
559,22098,gmail,1960-05-11
560,22098,vai,1976-09-24
561,22098,,1981-11-23
562,22112,yahoo,1975-06-15
563,22119,hotmail,1967-07-16
564,22133,,1982-03-01
565,22133,gmail,1960-08-27
566,22133,hotmail,1980-01-01
567,22140,hotmail,1980-01-01
568,22140,hotmail,1980-01-01
569,22140,hotmail,1981-08-10
570,22140,yahoo,1923-12-13
571,22140,hotmail,1972-12-27
572,22140,yahoo,1909-09-18
573,22140,,1901-10-20
574,22140,yahoo,1942-09-28
575,22140,,1980-01-01
576,22140,yahoo,1951-12-01
577,22140,gmail,1925-05-22
578,22140,hotmail,1955-11-18
579,22140,yahoo,1972-10-28
580,22140,hotmail,1986-01-21
581,22140,,1980-01-01
582,22140,yahoo,1980-01-01
583,22140,,1957-12-21
584,22140,yahoo,1975-05-09
585,22140,hotmail,1961-07-05
586,22140,,1980-01-01
587,22140,hotmail,1961-08-14
588,22140,hotmail,1970-11-12
589,22140,yahoo,1980-01-01
590,22140,hotmail,1980-01-01
591,22140,yahoo,1987-12-07
592,22140,yahoo,1991-02-05
593,22140,hotmail,1984-03-05
594,22140,hotmail,1970-05-18
595,22140,hotmail,1961-02-09
596,22140,,1980-01-01
597,22140,,1980-01-01
598,22147,yahoo,1943-06-06
599,22154,ecomchaco,1981-11-23
600,22154,yahoo,1971-05-05
601,22154,yahoo,1975-11-12
602,26007,,1980-01-01
603,26007,,1980-01-01
604,26007,,1980-01-01
605,26007,hotmail,2008-01-15
606,26007,,1994-06-23
607,26007,hotmail,2011-02-14
608,26007,gmail,1980-01-01
609,26014,hotmail,1980-01-01
610,26014,hotmail,2011-04-30
611,26014,gmail,2001-11-04
612,26014,gmail,1993-08-12
613,26014,,1980-01-01
614,26014,,1980-01-01
615,26014,yahoo,1980-01-01
616,26021,,1993-03-23
617,26021,hotmail,1980-01-01
618,26021,,1980-01-01
619,26021,,1992-05-01
620,26021,yahoo,1996-02-17
621,26021,labibliotecadeastra,2007-10-28
622,26035,yahoo,2007-05-15
623,26035,,1951-03-05
624,26042,,1980-01-01
625,26042,,1943-03-12
626,26042,gmail,1939-07-20
627,26077,,1991-04-12
628,26077,hotmail,1980-01-01
629,26077,hotmail,1980-01-01
630,26077,gmail,1934-07-08
631,26077,hotmail,1984-09-21
632,26077,,1991-04-15
633,26077,,1987-08-17
634,26077,,1980-01-01
635,26077,,1980-01-01
636,26077,,1983-09-06
637,26077,hotmail,1980-01-01
638,26077,,1992-12-20
639,26077,gmail,1998-10-20
640,26077,hotmail,1996-04-08
641,26084,,1980-01-01
642,26091,yahoo,1911-07-16
643,26021,,1980-01-01
644,26056,,2008-06-11
645,26098,hotmail,1949-03-20
646,26098,,1980-01-01
647,26105,,1980-01-01
648,26105,,1980-01-01
649,2000,tesis11,2004-03-08
650,2000,outlook,1928-03-30
651,2000,yahoo,1980-01-01
652,2000,,1916-03-01
653,2000,,
654,2000,,1999-10-22
655,2000,gmail,2005-12-22
656,2000,hotmail,2010-03-01
657,2000,gmail,2009-02-26
658,2000,,2010-03-26
659,2000,gmail,2010-10-01
660,2000,gmail,1918-05-25
661,2000,hotmail,1907-11-07
662,2000,gmail,1920-03-21
663,2000,hotmail,1928-12-20
664,2000,gmail,1915-10-01
665,2000,,1932-11-15
666,2000,yahoo,1924-04-21
667,2000,,1929-02-01
668,2000,yahoo,1936-05-01
669,2000,latinmail,1980-01-01
670,2000,yahoo,1980-01-01
671,2000,hotmail,1929-01-01
672,2000,yahoo,1950-10-25
673,2000,,1941-03-25
674,2000,hotmail,1941-12-23
675,2000,,1924-09-18
676,2000,yahoo,1932-05-29
677,2000,yahoo,1933-06-12
678,2000,,1994-03-05
679,2000,,1980-01-01
680,2000,,2001-12-18
681,2000,gmail,2001-09-21
682,2000,gmail,1980-01-01
683,2000,yahoo,1980-01-01
684,2000,yahoo,1916-05-01
685,2000,hotmail,1910-10-12
686,2000,gmail,
687,2000,hotmail,1916-06-16
688,2000,yahoo,1910-07-08
689,2000,,1980-01-01
690,2000,,1918-03-14
691,2000,yahoo,1917-03-25
692,14007,,2013-10-30
693,14007,hotmail,2000-08-29
694,14007,gmail,2011-08-20
695,14007,,1959-05-17
696,14007,gmail,1998-11-07
697,14007,yahoo,1998-03-30
698,14014,,1909-05-11
699,14014,yahoo,1911-09-11
700,14014,hotmail,1944-12-17
701,14014,hotmail,1959-04-12
702,14014,,1969-11-18
703,14014,hotmail,1980-11-15
704,14014,hotmail,1980-01-01
705,14014,,1988-11-28
706,14014,yahoo,1986-08-02
707,14014,gmail,1995-07-16
708,14014,,1980-01-01
709,14014,gmail,1999-08-01
710,14014,gmail,1990-08-17
711,14014,hotmail,1980-01-01
712,14014,yahoo,1980-01-01
713,14014,yahoo,2005-05-26
714,14014,yahoo,2007-10-08
715,14014,yahoo,2007-12-11
716,14014,gmail,2010-09-06
717,14014,gmail,2012-05-05
718,14091,,2009-07-20
719,14021,gmail,1932-05-18
720,14021,,1912-07-12
721,14021,,1918-07-23
722,14021,hotmail,2010-08-17
723,14021,hotmail,2009-04-01
724,14021,,1942-10-03
725,14021,yahoo,1980-01-01
726,14021,,1942-12-05
727,14021,gmail,2009-01-16
728,14021,,1980-01-01
729,14028,,1917-05-01
730,14035,delcampillocoop,1984-05-14
731,14035,hotmail,1919-10-22
732,14035,jovitacoop,1937-06-27
733,14035,,1998-06-22
734,14035,gmail,2022-03-21
735,14042,,1916-05-05
736,14042,,1919-04-09
737,14042,hotmail,1980-01-01
738,14042,,1984-03-30
739,14042,,1938-09-11
740,14042,bibliotecarivadavia,1904-09-25
741,14042,villamaria,1942-12-19
742,14042,hotmail,1997-05-24
743,14049,gmail,1929-11-03
744,14049,intinet,1933-02-06
745,14056,yahoo,1997-11-23
746,14056,yahoo,1951-04-26
747,14056,,1999-06-10
748,14063,,1967-05-06
749,14063,,1980-01-01
750,14063,,1996-06-23
751,14063,yahoo,1918-01-01
752,14063,,1949-05-25
753,14063,hotmail,1980-01-01
754,14063,,1939-09-26
755,14063,,1918-03-18
756,14063,,1980-01-01
757,14063,yahoo,1980-01-01
758,14063,gmail,1917-10-07
759,14084,hotmail,1914-07-14
760,14084,,1913-10-12
761,14084,,2001-09-09
762,14091,bepe,1946-12-09
763,14091,,1923-05-06
764,14091,tutopia,2000-06-01
765,14091,yahoo,1934-04-21
766,14091,,1999-01-27
767,14091,,1985-10-26
768,14091,,1938-04-08
769,14091,,1949-01-16
770,14091,gmail,1997-10-16
771,14091,,2010-05-14
772,14098,hotmail,1980-01-01
773,14098,,2003-08-17
774,14098,,1972-04-28
775,14098,hotmail,1969-07-21
776,14098,hotmail,1929-04-18
777,14098,hotmail,1966-12-10
778,14098,yahoo,1930-08-24
779,14098,,1910-07-10
780,14098,yahoo,1915-07-09
781,14098,,1955-09-07
782,14098,,1932-05-01
783,14098,hotmail,1970-06-06
784,14098,yahoo,1980-01-01
785,14098,hotmail,1980-01-01
786,14098,,1918-03-31
787,14105,,1980-01-01
788,14021,hotmail,2006-11-29
789,14105,,1985-11-06
790,14105,hotmail,2006-02-10
791,14112,,1972-10-21
792,14119,,1961-06-17
793,14119,,1980-01-01
794,14119,yahoo,1950-08-17
795,14119,hotmail,1996-06-15
796,14119,,1980-01-01
797,14119,,1980-01-01
798,14126,ordendelcolmenar,1996-05-25
799,14126,gmail,2011-07-08
800,14133,,1935-05-18
801,14133,yahoo,1980-01-01
802,14133,yahoo,2010-11-02
803,14133,yahoo,1980-01-01
804,14133,,2000-09-12
805,14140,yahoo,1980-01-01
806,14140,,1932-11-23
807,14140,hotmail,1990-02-07
808,14140,,1980-01-01
809,14140,hotmail,1998-12-07
810,14140,gmail,1934-04-28
811,14140,,1973-05-19
812,14140,hotmail,1995-07-03
813,14140,,2001-09-01
814,14140,,1997-06-14
815,14140,gmail,1918-07-09
816,14140,gmail,1945-05-13
817,14140,,1923-11-11
818,14140,,1980-01-01
819,14140,,1945-03-05
820,14140,gmail,1926-08-05
821,14140,,1940-10-10
822,14140,yahoo,1980-01-01
823,14140,,1980-06-20
824,14140,,1980-01-01
825,14147,gmail,1931-03-11
826,14147,gmail,1932-01-26
827,14147,,1980-01-01
828,14147,,1999-10-11
829,14147,gmail,2022-07-19
830,14147,yahoo,1980-01-01
831,14147,gmail,2016-05-27
832,14147,hotmail,1998-08-08
833,14091,gmail,2001-06-21
834,14098,yahoo,1980-01-01
835,14119,yahoo,2001-07-16
836,14161,,1926-07-03
837,14161,hotmail,1996-06-12
838,14161,hotmail,1997-08-21
839,14161,,1930-12-26
840,14161,,1919-09-14
841,14161,hotmail,1976-04-05
842,14175,,1980-01-01
843,14182,yahoo,1907-04-21
844,14182,,1929-08-04
845,14182,yahoo,1947-09-17
846,14182,yahoo,1917-07-14
847,14182,hotmail,1980-01-01
848,14182,yahoo,1931-01-01
849,14182,hotmail,1943-06-20
850,18007,,1901-04-18
851,18021,,
852,18021,hotmail,1980-01-01
853,18021,,1925-03-28
854,18021,yahoo,1923-01-01
855,18021,,1957-09-13
856,18021,,1980-01-01
857,18021,yahoo,1980-01-01
858,18021,hotmail,1994-07-08
859,18021,yahoo,1980-01-01
860,18021,,1980-01-01
861,18021,,1993-08-19
862,18021,arnet,1998-11-28
863,18021,,1980-01-01
864,18021,yahoo,1980-01-01
865,18021,hotmail,1996-04-02
866,18028,hotmail,1980-01-01
867,18028,hotmail,2004-06-15
868,18035,gmail,1914-10-25
869,18035,hotmail,1986-06-14
870,18042,,1911-09-11
871,18049,,1915-06-21
872,18070,gmail,1911-11-11
873,18070,,2007-06-30
874,18070,,2015-11-09
875,18056,hotmail,1936-07-09
876,18063,hotmail,1914-01-01
877,18063,,1980-01-01
878,18063,hotmail,1995-06-08
879,18091,,1948-10-16
880,18105,gmail,1910-09-11
881,18105,gmail,1909-11-01
882,18105,gmail,1940-03-30
883,18105,,1969-03-26
884,18105,,1947-04-01
885,18112,,1928-05-01
886,18112,hotmail,1909-10-30
887,18112,,1929-08-30
888,18112,hotmail,1936-04-07
889,18112,,2000-08-31
890,18112,,1980-01-01
891,18112,,1931-08-02
892,18119,arnet,1904-10-19
893,18119,hotmail,1980-01-01
894,18119,hotmail,2002-03-01
895,18126,,1980-05-24
896,18133,gmail,1998-05-16
897,18140,bepe,1916-06-30
898,18161,,1980-01-01
899,18161,,1914-06-13
900,18168,cableat,1967-09-10
901,18168,hotmail,1980-01-01
902,18175,,1918-06-09
903,18077,,2002-05-08
904,18084,hotmail,
905,30008,hotmail,1997-11-27
906,30008,gmail,
907,30008,hotmail,1905-07-26
908,30008,yahoo,1904-04-24
909,30008,hotmail,1996-05-25
910,30008,yahoo,1904-05-01
911,30015,concordia,
912,30015,,1917-05-13
913,30015,hotmail,1996-11-11
914,30015,,1980-01-01
915,30015,,1980-01-01
916,30021,yahoo,
917,30021,yahoo,1980-01-01
918,30021,gmail,2018-03-16
919,30028,multichajari,1909-07-18
920,30028,gmail,
921,30028,outlook,2007-11-09
922,30028,,1925-06-09
923,30035,gmail,1940-05-13
924,30035,hotmail,1912-09-01
925,30049,arnet,1991-01-05
926,30049,yahoo,
927,30056,hotmail,
928,30056,yahoo,
929,30056,gmail,1943-11-14
930,30056,,1960-06-07
931,30056,,1927-04-24
932,30056,hotmail,2000-11-10
933,30056,,1912-05-09
934,30063,hotmail,1998-11-30
935,30070,,1939-08-26
936,30070,,1919-07-05
937,30070,hotmail,1980-01-01
938,30077,hotmail,1986-12-28
939,30077,hotmail,1980-01-01
940,30077,,1995-06-22
941,30077,,
942,30084,gmail,2001-06-06
943,30084,arnet,1932-02-21
944,30084,,2001-08-24
945,30084,bibliotecaparana,
946,30084,gmail,1980-01-01
947,30084,,2000-02-06
948,30084,,1980-01-01
949,30084,,1980-01-01
950,30084,yahoo,2001-05-08
951,30084,,2006-11-02
952,30084,,1953-09-06
953,30088,gmail,2003-08-21
954,30088,yahoo,1976-06-22
955,30056,,2000-10-24
956,30091,gmail,1920-06-20
957,30091,gmail,
958,30098,yahoo,1919-08-23
959,30098,yahoo,
960,30098,yahoo,1980-01-01
961,30098,hotmail,2000-12-27
962,30098,,1980-01-01
963,30098,hotmail,2021-08-23
964,30113,,1924-10-12
965,30113,gmail,
966,30113,,
967,34014,,1910-06-25
968,34014,,1991-08-23
969,34014,fibertel,1980-01-01
970,34014,hotmail,1980-01-01
971,34014,,1995-09-19
972,34014,,1980-01-01
973,34014,,1997-07-24
974,34014,,1998-05-13
975,34021,,1999-08-23
976,34021,,1992-08-12
977,34035,,1978-08-23
978,34035,hotmail,1994-09-30
979,34049,,1977-12-09
980,34049,,1996-07-01
981,34049,,1980-01-01
982,34049,,1980-01-01
983,34049,hotmail,1999-08-14
984,34049,,1998-09-06
985,34049,,1993-04-30
986,34049,,1980-01-01
987,34056,,1998-09-04
988,34056,hotmail,1978-04-11
989,34056,,1992-08-17
990,38007,yahoo,1915-09-16
991,38007,,2000-10-01
992,38007,,1997-11-20
993,38021,hotmail,1980-01-01
994,38021,imagine,
995,38021,yahoo,1997-05-31
996,38021,,1997-09-20
997,38021,,2002-05-08
998,38021,,2004-07-27
999,38014,,1980-01-01
1000,38014,gmail,1905-04-09
1001,38014,,1996-11-28
1002,38028,,1906-05-25
1003,38028,,1980-01-01
1004,38035,,1980-01-01
1005,38035,,1911-06-05
1006,38035,,1922-02-10
1007,38035,,1980-01-01
1008,38042,,1980-01-01
1009,38042,,1980-01-01
1010,38042,,1980-01-01
1011,38042,,1980-01-01
1012,38056,hotmail,1926-05-26
1013,38063,,1996-02-03
1014,38063,,1911-09-07
1015,38063,,1980-01-01
1016,38063,,1993-07-20
1017,38063,hotmail,1980-01-01
1018,38063,,1980-01-01
1019,38070,,1980-01-01
1020,38070,,1993-06-28
1021,38014,gmail,1993-02-12
1022,38021,,2000-10-14
1023,38084,,1996-04-21
1024,38084,,1980-01-01
1025,38094,,1910-05-26
1026,38098,,1980-01-01
1027,38098,,1986-05-14
1028,38112,,1915-07-09
1029,38112,,1911-08-31
1030,42007,cosedo,1980-01-01
1031,42007,gmail,1980-01-01
1032,42007,yahoo,1980-01-01
1033,42007,gmail,1914-11-23
1034,42007,gmail,2005-07-20
1035,42014,hotmail,1980-01-01
1036,42021,gmail,1995-04-22
1037,42021,gmail,1980-01-01
1038,42021,,1994-08-16
1039,42021,cpenet,1994-11-17
1040,42021,hotmail,1980-01-01
1041,42021,gmail,2009-04-04
1042,42021,gmail,2009-09-01
1043,42021,gmail,2014-09-23
1044,42028,bepe,1980-01-01
1045,42028,,1980-01-01
1046,42028,yahoo,1997-10-13
1047,42056,hotmail,1993-03-08
1048,42056,,1980-01-01
1049,42056,,2000-05-15
1050,42056,gmail,1932-05-07
1051,42056,yahoo,1929-11-14
1052,42035,yahoo,1998-04-01
1053,42035,yahoo,1980-01-01
1054,42035,yahoo,1946-09-17
1055,42035,yahoo,1932-05-15
1056,42070,yahoo,1984-08-01
1057,42070,,1995-11-01
1058,42070,yahoo,1921-02-03
1059,42070,gmail,1945-08-01
1060,42070,gmail,1994-08-01
1061,42077,hotmail,1980-01-01
1062,42077,yahoo,1958-11-27
1063,42077,hotmail,1923-01-01
1064,42077,cooparauz,1980-01-01
1065,42084,,1980-01-01
1066,42098,hotmail,1996-07-01
1067,42098,hotmail,1931-05-11
1068,42098,yahoo,1905-06-04
1069,42105,yahoo,1931-07-26
1070,42105,hotmail,2003-01-06
1071,42105,yahoo,1912-11-30
1072,42105,yahoo,1958-10-12
1073,42105,gmail,1961-08-21
1074,42105,hotmail,1937-04-01
1075,42119,yahoo,1993-03-29
1076,42119,,1933-04-13
1077,42119,,1996-02-22
1078,42119,yahoo,1911-07-01
1079,42126,yahoo,1930-07-27
1080,42126,hotmail,1987-11-01
1081,42126,,1950-11-12
1082,42126,yahoo,1995-09-25
1083,42126,cernet,1915-06-27
1084,42126,hotmail,1932-10-20
1085,42133,yahoo,1980-01-01
1086,42133,,1979-02-20
1087,42133,hotmail,1919-07-07
1088,42133,,1980-01-01
1089,42133,hotmail,1948-07-04
1090,42133,hotmail,1920-07-09
1091,42133,hotmail,1994-06-04
1092,42133,,1910-05-01
1093,42035,cospec,1932-12-03
1094,42154,,1990-12-15
1095,42140,cpenet,1921-11-21
1096,42147,yahoo,1931-08-16
1097,42147,yahoo,1926-08-30
1098,42154,yahoo,1934-08-13
1099,42154,yahoo,1943-08-11
1100,42154,hotmail,1922-02-22
1101,42154,yahoo,1980-01-01
1102,46007,,1915-04-28
1103,46014,gmail,
1104,46014,,1914-02-01
1105,46014,gmail,1980-01-01
1106,46014,,1956-06-02
1107,46014,hotmail,1980-01-01
1108,46014,,2003-10-11
1109,46021,,1980-01-01
1110,46021,,1927-11-27
1111,46021,,1934-10-24
1112,46021,,1933-09-03
1113,46035,hotmail,1921-06-13
1114,46042,gmail,1903-09-22
1115,46042,,1955-11-28
1116,46042,,2001-09-13
1117,46028,,1999-11-10
1118,46049,,1914-10-24
1119,46056,,1946-04-17
1120,46063,,1947-11-17
1121,46063,,1908-12-15
1122,46126,,1935-10-01
1123,46119,,1980-01-01
1124,50007,,1992-11-30
1125,50021,hotmail,1914-05-10
1126,50007,,1999-09-16
1127,50021,,2002-04-16
1128,50014,yahoo,1940-12-08
1129,50014,hotmail,1928-08-05
1130,50014,gmail,1994-01-10
1131,50014,yahoo,1935-04-28
1132,50028,,2009-03-27
1133,50028,,2011-05-18
1134,50028,,2001-07-07
1135,50028,yahoo,1980-01-01
1136,50028,,1980-01-01
1137,50035,,1980-01-01
1138,50035,gmail,1970-10-08
1139,50035,,1980-01-01
1140,50049,,1996-07-09
1141,50049,yahoo,1995-08-02
1142,50049,,1999-04-01
1143,50049,,1980-01-01
1144,50007,gmail,2008-06-30
1145,50049,live,2008-11-01
1146,50056,hotmail,1926-08-29
1147,50049,,1980-01-01
1148,50056,,1980-01-01
1149,50056,hotmail,1971-04-29
1150,50063,yahoo,1996-10-19
1151,50063,live,1996-03-29
1152,50063,gmail,1980-01-01
1153,50063,yahoo,1911-05-25
1154,50063,yahoo,1991-11-20
1155,50063,,1980-01-01
1156,50070,,1980-01-01
1157,50070,gmail,1998-01-05
1158,50070,hotmail,1995-11-16
1159,50077,,1993-11-12
1160,50084,,1980-01-01
1161,50084,hotmail,1915-05-30
1162,50091,yahoo,1947-11-24
1163,50091,gmail,1986-09-06
1164,50091,,1993-01-02
1165,50091,yahoo,1992-07-10
1166,50091,hotmail,2005-06-15
1167,50098,hotmail,1980-01-01
1168,50098,gmail,1980-01-01
1169,50098,,1980-01-01
1170,50105,,1980-01-01
1171,50105,yahoo,1926-11-26
1172,50105,,1980-01-01
1173,50105,yahoo,1998-07-20
1174,50105,,2004-05-17
1175,50105,yahoo,1932-06-19
1176,50105,yahoo,1993-08-17
1177,50105,,1919-03-30
1178,50105,yahoo,1992-08-12
1179,50105,,1992-11-19
1180,50105,,1980-01-01
1181,50105,,1980-01-01
1182,50105,,2009-03-17
1183,50105,,1980-01-01
1184,50112,gmail,2002-06-15
1185,50112,,1980-01-01
1186,50098,yahoo,1980-01-01
1187,50021,,1980-01-01
1188,50126,gmail,2003-03-03
1189,50119,,1980-01-01
1190,50119,gmail,1997-07-09
1191,50119,yahoo,1987-03-21
1192,54119,yahoo,1994-06-01
1193,54119,yahoo,1994-06-04
1194,54007,,2000-07-21
1195,54014,,1990-06-18
1196,54014,,2000-09-18
1197,54014,,1980-01-01
1198,54021,,1980-01-01
1199,54021,gmail,2021-08-23
1200,54021,,1979-10-18
1201,54021,,2012-09-10
1202,54028,arnetbiz,1913-12-13
1203,54028,,1975-05-03
1204,54028,gmail,1994-03-09
1205,54028,,1997-04-22
1206,54028,,1980-01-01
1207,54028,yahoo,2001-10-13
1208,54028,,1980-01-01
1209,54035,,1911-06-02
1210,54042,hotmail,1968-04-09
1211,54049,,1980-01-01
1212,54049,,1980-01-01
1213,54056,,1980-01-01
1214,54063,,1980-01-01
1215,54063,,1996-12-01
1216,54063,,2015-07-15
1217,54070,hotmail,1997-11-22
1218,54077,yahoo,1994-12-07
1219,54077,live,1962-06-15
1220,54084,,1978-10-25
1221,54084,yahoo,1980-01-01
1222,54084,,1980-01-01
1223,54091,yahoo,1946-09-09
1224,54091,yahoo,2002-03-13
1225,54091,,1980-01-01
1226,54098,gmail,2000-08-21
1227,54098,,1910-05-02
1228,54105,,1980-01-01
1229,54105,,1980-01-01
1230,54112,gmail,2004-05-11
1231,54084,,1980-01-01
1232,54056,,1980-01-01
1233,58007,,1993-10-20
1234,58007,,1980-01-01
1235,58007,,1980-01-01
1236,58014,yahoo,1997-12-02
1237,58021,yahoo,1980-01-01
1238,58042,yahoo,1980-01-01
1239,58042,,1980-01-01
1240,58042,,1980-01-01
1241,58042,,1980-01-01
1242,58028,,1980-01-01
1243,58035,,1999-06-10
1244,58035,gmail,1958-10-22
1245,58035,yahoo,1987-07-26
1246,58035,,1994-03-08
1247,58035,,1994-12-10
1248,58035,,1996-07-24
1249,58035,,1997-10-21
1250,58035,gmail,1928-11-10
1251,58035,yahoo,1989-04-29
1252,58035,,1994-12-21
1253,58035,yahoo,1980-01-01
1254,58035,yahoo,1980-01-01
1255,58035,gmail,1980-01-01
1256,58035,,1980-01-01
1257,58035,gmail,1990-11-07
1258,58035,yahoo,1980-01-01
1259,58035,,1980-01-01
1260,58035,gmail,1993-04-01
1261,58035,gmail,1993-06-12
1262,58035,gmail,1994-09-23
1263,58035,,1993-04-07
1264,58035,yahoo,1980-01-01
1265,58035,hotmail,1997-02-05
1266,58035,,1980-01-01
1267,58035,yahoo,2002-07-25
1268,58035,hotmail,2001-12-13
1269,58035,,2002-07-24
1270,58035,,1980-01-01
1271,58035,gmail,2004-04-12
1272,58035,hotmail,2003-03-01
1273,58035,,2003-10-24
1274,58035,yahoo,1980-01-01
1275,58035,,1987-09-15
1276,58035,hotmail,1980-01-01
1277,58035,hotmail,1980-01-01
1278,58035,hotmail,1980-01-01
1279,58035,,1980-01-01
1280,58035,,1980-01-01
1281,58035,gmail,1993-08-16
1282,58035,hotmail,2002-06-12
1283,58049,yahoo,1983-08-12
1284,58056,smandes,1917-11-04
1285,58056,,1987-06-09
1286,58056,,1980-01-01
1287,58056,,2006-01-23
1288,58063,,1981-08-28
1289,58070,,1991-11-25
1290,58077,,1980-01-01
1291,58077,,1985-11-22
1292,58077,yahoo,1980-01-01
1293,58084,,1980-01-01
1294,58084,hotmail,1942-05-25
1295,58091,hotmail,2005-03-10
1296,58091,,1980-01-01
1297,58098,,2000-05-08
1298,58105,,1985-09-23
1299,58112,,1916-05-12
1300,58112,,1998-07-09
1301,62091,yahoo,1931-05-10
1302,62091,,1980-01-01
1303,62007,,1990-03-23
1304,62007,,1980-01-01
1305,62007,yahoo,1906-01-31
1306,62007,hotmail,1990-07-14
1307,62007,live,2004-04-09
1308,62014,yahoo,1980-01-01
1309,62014,yahoo,1918-10-01
1310,62014,,1980-01-01
1311,62014,yahoo,1980-01-01
1312,62014,hotmail,1985-12-03
1313,62014,gmail,1942-01-25
1314,62021,elbolson,1932-12-11
1315,62021,,1980-01-01
1316,62021,bibliotecasarmiento,1928-03-21
1317,62021,,1990-03-05
1318,62021,,1997-01-27
1319,62021,yahoo,1986-09-11
1320,62021,bariloche,1999-04-24
1321,62021,hotmail,1980-01-01
1322,62021,gmail,2007-05-01
1323,62028,gmail,1905-02-28
1324,62035,,1980-01-01
1325,62035,,1980-01-01
1326,62042,,1970-07-01
1327,62042,,1980-01-01
1328,62042,,1970-03-26
1329,62042,hotmail,1932-09-15
1330,62042,yahoo,1997-05-09
1331,62042,,1932-09-29
1332,62042,hotmail,1984-05-25
1333,62042,gmail,1980-01-01
1334,62042,,2000-03-10
1335,62042,yahoo,1980-01-01
1336,62042,hotmail,1974-05-03
1337,62042,gmail,1936-04-29
1338,62042,hotmail,1980-01-01
1339,62042,,1980-01-01
1340,62042,gmail,1980-01-01
1341,62042,,1980-01-01
1342,62042,,1980-01-01
1343,62042,yahoo,1980-01-01
1344,62042,,1999-05-18
1345,62042,yahoo,1980-01-01
1346,62042,yahoo,1980-01-01
1347,62042,,1987-09-21
1348,62042,hotmail,2004-05-01
1349,62042,,1965-08-11
1350,62042,,1994-12-21
1351,62042,,1980-01-01
1352,62042,,1935-12-19
1353,62042,HOTMAIL,1971-06-20
1354,62042,,1997-11-27
1355,62056,gmail,1980-01-01
1356,62056,,1980-01-01
1357,62063,,1930-05-04
1358,62070,yahoo,1980-01-01
1359,62077,,1984-08-17
1360,62077,outlook,2006-10-24
1361,62077,yahoo,1955-07-10
1362,62077,yahoo,1978-02-23
1363,62070,gmail,1996-05-30
1364,62084,yahoo,1960-05-22
1365,66007,,1999-09-12
1366,66007,,1987-10-03
1367,66007,,1992-10-20
1368,66007,,1980-01-01
1369,66007,,1980-01-01
1370,66021,,1980-01-01
1371,66084,gmail,2022-04-01
1372,66084,,1980-01-01
1373,66028,,2002-08-16
1374,66028,hotmail,1964-08-25
1375,66028,,1947-09-27
1376,66028,hotmail,1979-06-07
1377,66028,,1980-01-01
1378,66028,hotmail,1994-04-25
1379,66028,,1996-07-19
1380,66028,,1980-01-01
1381,66028,,1995-07-19
1382,66028,hotmail,1997-09-17
1383,66028,,1996-10-23
1384,66028,hotmail,1980-01-01
1385,66028,hotmail,1980-01-01
1386,66028,hotmail,1997-09-17
1387,66028,hotmail,1999-09-06
1388,66028,hotmail,1999-09-23
1389,66028,,1996-09-17
1390,66028,,1999-08-27
1391,66028,,1994-10-20
1392,66028,,1980-01-01
1393,66028,,2003-05-30
1394,66028,,2004-02-03
1395,66028,,1980-01-01
1396,66028,gmail,2008-04-05
1397,66028,hotmail,2012-02-04
1398,66028,,1998-08-29
1399,66028,,1997-10-27
1400,66035,yahoo,1999-08-07
1401,66035,,1910-06-06
1402,66049,,1944-09-24
1403,66049,yahoo,1963-05-16
1404,66049,gmail,1928-11-08
1405,66056,hotmail,1998-10-09
1406,66056,,1934-10-01
1407,66056,,1933-06-18
1408,66056,yahoo,1980-01-01
1409,66077,,1980-01-01
1410,66077,yahoo,2002-12-14
1411,66091,,1994-11-26
1412,66105,,1980-01-01
1413,66112,yahoo,1980-01-01
1414,66112,,1916-09-23
1415,66119,,1963-10-10
1416,66126,,1980-01-01
1417,66126,,1995-11-13
1418,66126,,1980-01-01
1419,66126,,1980-01-01
1420,66140,,1980-01-01
1421,66140,,
1422,66147,,1980-01-01
1423,66154,,1980-01-01
1424,66133,hotmail,2001-07-26
1425,66056,,1980-01-01
1426,66161,gmail,1980-01-01
1427,70063,,1980-01-01
1428,70007,,1985-12-28
1429,70021,,1971-11-21
1430,70021,,2012-07-28
1431,70028,hotmail,1980-01-01
1432,70028,,1910-09-04
1433,70028,,
1434,70028,,1918-05-23
1435,70028,,1935-11-24
1436,70028,yahoo,1944-11-12
1437,70028,yahoo,1956-03-09
1438,70028,,1994-03-26
1439,70028,hotmail,1980-01-01
1440,70028,,1996-10-16
1441,70028,,1980-01-01
1442,70035,,1918-04-03
1443,70042,,2018-01-10
1444,70042,,2022-07-13
1445,70049,yahoo,1954-04-01
1446,70049,,1980-01-01
1447,70056,,1908-08-15
1448,70070,,1932-10-10
1449,70077,,1991-09-23
1450,70077,gmail,1935-08-16
1451,70077,,1981-08-22
1452,70077,gmail,1980-01-01
1453,70077,gmail,1980-01-01
1454,70077,hotmail,2008-04-16
1455,70077,,2009-03-02
1456,70028,hotmail,1990-09-23
1457,70077,hotmail,1966-06-12
1458,70084,hotmail,1940-08-16
1459,70084,,1929-02-25
1460,70084,,1971-07-09
1461,70084,,1988-09-27
1462,70084,,1992-08-30
1463,70084,hotmail,1993-08-26
1464,70084,,1980-01-01
1465,70084,,2007-11-05
1466,70091,,1916-03-20
1467,70091,,2001-07-12
1468,70091,yahoo,1988-08-29
1469,70098,,1910-09-30
1470,70098,yahoo,1997-07-22
1471,70098,,1980-01-01
1472,70098,,1980-01-01
1473,70105,,1935-06-15
1474,70028,hotmail,1987-06-15
1475,70028,,1997-03-25
1476,70028,gmail,2003-09-14
1477,70028,hotmail,1993-03-06
1478,70112,gmail,2009-10-05
1479,70119,gmail,1996-06-20
1480,70119,hotmail,
1481,70133,,1980-01-01
1482,74007,,1980-01-01
1483,74007,,1910-09-11
1484,74007,,1910-10-30
1485,74014,,1963-05-01
1486,74014,,1916-06-27
1487,74028,hotmail,1916-05-25
1488,74028,,1980-01-01
1489,74028,hotmail,1996-04-15
1490,74028,,1980-01-01
1491,74028,,1980-01-01
1492,74028,,1980-01-01
1493,74021,,1980-01-01
1494,74021,,2001-03-18
1495,74021,,1993-08-26
1496,74021,hotmail,1980-01-01
1497,74042,,1980-01-01
1498,74042,,1980-01-01
1499,74035,yahoo,1997-10-06
1500,74035,,1914-01-14
1501,74035,,1980-01-01
1502,74035,live,1937-05-02
1503,74035,gmail,1934-04-18
1504,74035,yahoo,1980-01-01
1505,74035,,1995-10-10
1506,74035,,1980-01-01
1507,74035,yahoo,1995-07-03
1508,74035,gmail,2007-11-15
1509,74049,hotmail,1980-01-01
1510,74049,,1994-05-21
1511,74049,live,1915-05-23
1512,74049,merlo_sl,1992-09-08
1513,74049,,1980-01-01
1514,74049,live,1980-01-01
1515,74049,gmail,2017-02-18
1516,74056,,1980-01-01
1517,74056,yahoo,1993-10-15
1518,74056,,1988-02-26
1519,74056,gmail,1954-08-19
1520,74056,,1993-08-07
1521,74056,gmail,1993-10-13
1522,74056,,1995-11-03
1523,74056,,1980-01-01
1524,74056,hotmail,1980-01-01
1525,74063,hotmail,1980-01-01
1526,74056,,1980-01-01
1527,78014,yahoo,1994-06-20
1528,78014,,1980-01-01
1529,78014,,1980-01-01
1530,78014,,1980-01-01
1531,78014,hotmail,1999-05-29
1532,78014,hotmail,1980-01-01
1533,78014,,1927-03-08
1534,78021,,1959-09-13
1535,78021,,1980-01-01
1536,78021,,1994-04-18
1537,78021,,1994-08-31
1538,78021,riogallegos,1980-01-01
1539,78021,,1994-04-23
1540,78021,yahoo,1996-07-01
1541,78021,,1980-01-01
1542,78028,yahoo,1988-03-05
1543,78035,yahoo,1980-01-01
1544,78049,,1996-02-22
1545,78049,,1996-05-14
1546,82077,,1980-01-01
1547,82077,tostado,1980-01-01
1548,82077,,2014-10-01
1549,82007,yahoo,1931-10-18
1550,82007,hotmail,1969-12-26
1551,82007,arnet,1976-01-20
1552,82007,,1935-04-26
1553,82007,redcrs,1934-08-12
1554,82007,hotmail,1930-06-07
1555,82014,gmail,1932-03-15
1556,82014,gmail,1953-07-09
1557,82014,arnet,1908-10-24
1558,82014,,1917-04-19
1559,82014,,1957-06-19
1560,82014,,1980-06-15
1561,82014,gmail,1939-06-20
1562,82014,,1914-01-14
1563,82021,hotmail,1953-04-04
1564,82021,yahoo,2001-09-24
1565,82021,,1989-03-05
1566,82021,,1919-06-04
1567,82021,hotmail,2013-03-20
1568,82021,,1957-10-14
1569,82021,,1996-02-15
1570,82021,,1993-01-29
1571,82021,yahoo,1929-10-27
1572,82021,hotmail,2010-06-24
1573,82021,coopmj,1974-10-20
1574,82021,hotmail,1937-01-15
1575,82021,yahoo,1939-04-01
1576,82021,hotmail,2010-12-01
1577,82021,,1980-01-01
1578,82021,hotmail,1925-12-27
1579,82021,,1931-09-27
1580,82021,,1998-02-20
1581,82021,,1922-08-04
1582,82028,yahoo,1932-05-03
1583,82028,bombal,1921-05-29
1584,82028,,1998-08-31
1585,82042,,1925-08-25
1586,82028,yahoo,1963-03-01
1587,82028,,2000-10-12
1588,82028,,1918-03-10
1589,82028,gmail,1918-02-10
1590,82028,,1929-12-26
1591,82028,,1996-10-20
1592,82028,yahoo,1917-07-04
1593,82028,gmail,1920-10-12
1594,82028,,1944-08-04
1595,82028,hotmail,1980-01-01
1596,82028,gmail,
1597,82028,gmail,1917-01-01
1598,82035,,1980-01-01
1599,82035,yahoo,2000-07-31
1600,82042,hotmail,1925-05-25
1601,82042,,1928-07-01
1602,82042,hotmail,1937-06-13
1603,82042,,1932-08-25
1604,82028,,1919-05-25
1605,82014,gmail,1963-07-05
1606,82042,gmail,1975-12-01
1607,82042,bombal,1976-06-20
1608,82042,,1945-09-02
1609,82042,hotmail,1950-04-03
1610,82042,hotmail,1917-08-26
1611,82042,gmail,1913-05-01
1612,82042,,1938-04-15
1613,82042,gmail,1934-05-20
1614,82042,coopsancti,1930-02-04
1615,82042,hotmail,1937-06-11
1616,82028,,1943-03-31
1617,82042,,1992-06-06
1618,82042,powervt,1930-01-01
1619,82042,,1915-07-09
1620,82042,yahoo,1931-10-15
1621,82042,,1924-07-09
1622,82042,bepe,1960-03-20
1623,82049,hotmail,1954-11-15
1624,82049,,1996-01-16
1625,82049,hotmail,1980-01-01
1626,82049,hotmail,1980-01-01
1627,82049,outlook,2013-09-17
1628,82049,yahoo,1980-01-01
1629,82049,,1966-09-07
1630,82049,malabrigo,1922-03-16
1631,82049,,1921-03-13
1632,82049,,2000-10-30
1633,82049,,1996-03-26
1634,82049,hotmail,1980-01-01
1635,82049,hotmail,1980-01-01
1636,82049,,1997-09-11
1637,82056,hotmail,1936-04-04
1638,82056,yahoo,1970-06-08
1639,82056,gmail,1920-04-22
1640,82056,,1924-07-19
1641,82056,hotmail,1943-09-13
1642,82119,yahoo,1924-08-03
1643,82056,hotmail,1943-04-11
1644,82056,hotmail,1976-07-27
1645,82056,,1980-01-01
1646,82056,,1939-05-14
1647,82056,yahoo,2002-06-15
1648,82056,gmail,1920-04-18
1649,82056,outlook,1973-09-11
1650,82063,,1996-02-03
1651,82063,,1929-01-01
1652,82063,hotmail,1925-05-25
1653,82063,,1945-11-23
1654,82063,hotmail,1918-07-20
1655,82063,yahoo,1907-06-03
1656,82063,yahoo,1912-12-04
1657,82063,santafe-conicet,1915-05-24
1658,82063,hotmail,1939-10-30
1659,82063,gmail,1947-11-23
1660,82063,gmail,1943-12-08
1661,82063,gmail,1942-12-29
1662,82063,hotmail,1929-06-25
1663,82063,,1980-01-01
1664,82063,gmail,1976-06-15
1665,82063,,2006-09-23
1666,82063,yahoo,2010-02-12
1667,82063,hotmail,2009-03-02
1668,82063,gmail,2010-06-24
1669,82063,gmail,2013-06-15
1670,82063,,2022-06-21
1671,82063,,1980-01-01
1672,82070,educ,1969-03-15
1673,82070,hotmail,1926-04-10
1674,82070,arnet,1922-05-25
1675,82070,hotmail,1943-11-13
1676,82070,gmail,2018-06-11
1677,82070,hotmail,1980-01-01
1678,82070,gmail,2010-04-23
1679,82070,pilar-sfe,1998-03-12
1680,82070,hotmail,2003-07-28
1681,82070,hotmail,2018-11-08
1682,82070,yahoo,2006-09-01
1683,82070,,1911-08-06
1684,82070,,2008-02-18
1685,82070,hotmail,
1686,82070,hotmail,2000-10-30
1687,82070,gmail,1935-07-19
1688,82070,,1942-02-19
1689,82084,gmail,1932-02-28
1690,82084,msn,1917-10-12
1691,82084,gmail,1980-01-01
1692,82084,,1918-07-09
1693,82084,,1919-06-08
1694,82084,yahoo,2000-07-20
1695,82084,,1980-01-01
1696,82084,hotmail,2007-12-06
1697,82084,,
1698,82084,,
1699,82084,yahoo,1911-01-06
1700,82084,hotmail,1922-12-24
1701,82084,,1922-04-05
1702,82084,yahoo,1925-01-01
1703,82084,,1927-08-04
1704,82084,,1926-01-26
1705,82084,,1936-12-27
1706,82084,hotmail,1935-05-25
1707,82084,hotmail,1936-08-18
1708,82084,yahoo,1928-12-09
1709,82084,,1942-11-07
1710,82084,rosario,1910-09-07
1711,82084,gmail,1944-07-08
1712,82084,,1904-11-01
1713,82084,hotmail,1979-09-02
1714,82084,gmail,1990-05-15
1715,82084,yahoo,1976-11-06
1716,82084,,1998-02-02
1717,82084,hotmail,1980-01-01
1718,82084,gmail,2000-08-20
1719,82084,,1993-11-12
1720,82084,gmail,2000-11-14
1721,82084,,2001-03-21
1722,82084,hotmail,2002-11-30
1723,82084,,2002-10-18
1724,82084,hotmail,1980-01-01
1725,82084,,2006-08-30
1726,82084,yahoo,2000-03-26
1727,82084,hotmail,1995-10-15
1728,82091,,1998-09-01
1729,82091,cooparrufo,2000-08-15
1730,82091,hotmail,1910-12-10
1731,82091,,2012-10-16
1732,82091,gmail,2022-08-23
1733,82091,yahoo,1935-06-08
1734,82091,,1913-03-10
1735,82091,hotmail,1910-12-03
1736,82091,,1954-06-20
1737,82091,gmail,1933-12-19
1738,82091,vtcc,2000-03-27
1739,82098,hotmail,1980-01-01
1740,82098,romang,1981-06-06
1741,82098,yahoo,1983-11-07
1742,82105,,1922-02-20
1743,82105,,1912-10-01
1744,82105,outlook,2014-06-17
1745,82105,hotmail,2011-05-10
1746,82105,cablenet,1905-02-21
1747,82105,hotmail,1919-10-19
1748,82105,,1918-08-25
1749,82112,hotmail,1922-07-15
1750,82112,gcrespo,2002-12-18
1751,82112,,1922-07-15
1752,82112,sanjustosf,1919-11-25
1753,82112,hotmail,2000-10-03
1754,82112,gmail,2006-07-11
1755,82021,,1980-01-01
1756,82119,hotmail,1977-10-10
1757,82119,arnet,1917-09-30
1758,82119,gmail,1939-05-30
1759,82119,,1920-11-14
1760,82119,,1980-01-01
1761,82119,,1918-04-28
1762,82126,velosat,1924-08-05
1763,82126,live,1917-12-17
1764,82126,yahoo,1924-05-25
1765,82126,eltrebol,2005-06-22
1766,82126,gmail,1979-09-18
1767,82126,,1975-09-04
1768,82126,outlook,2008-04-16
1769,82126,,1932-07-15
1770,82126,gmail,1937-04-29
1771,82126,,1929-05-01
1772,82126,sme,1934-08-19
1773,82126,sme,1919-06-02
1774,82021,yahoo,1980-01-01
1775,82070,outlook,2002-09-14
1776,82105,,2000-07-27
1777,82063,,1980-01-01
1778,82014,yahoo,2004-09-24
1779,82133,hotmail,1980-01-01
1780,82133,,1980-01-01
1781,82133,,2008-04-25
1782,82133,trcnet,1980-01-01
1783,82133,csdnet,1995-05-23
1784,82133,cosemar,1994-12-02
1785,82133,,2007-11-16
1786,82133,,1907-05-01
1787,86049,,2008-04-21
1788,86014,,1997-09-16
1789,86021,,1980-01-01
1790,86028,,1916-06-09
1791,86028,hotmail,1980-01-01
1792,86028,,2012-06-13
1793,86035,,1929-05-25
1794,86035,,1910-05-25
1795,86035,,1927-06-24
1796,86035,,1945-08-03
1797,86035,,1946-08-04
1798,86035,hotmail,1940-06-15
1799,86035,live,1966-05-26
1800,86035,hotmail,1987-08-17
1801,86035,,1992-07-19
1802,86035,hotmail,1994-05-31
1803,86035,hotmail,1980-01-01
1804,86035,hotmail,1980-01-01
1805,86035,,2001-06-16
1806,86042,hotmail,1943-07-04
1807,86049,,1942-11-15
1808,86049,hotmail,
1809,86049,,1980-01-01
1810,86049,,1925-05-30
1811,86049,hotmail,1926-11-15
1812,86049,yahoo,1930-04-20
1813,86049,,1927-07-14
1814,86049,gmail,1938-11-16
1815,86049,,1942-06-08
1816,86049,,1940-08-24
1817,86049,hotmail,1933-06-22
1818,86049,,1980-01-01
1819,86049,,1988-10-09
1820,86049,,1980-01-01
1821,86049,,1980-01-01
1822,86049,hotmail,1980-01-01
1823,86049,,1980-01-01
1824,86049,hotmail,1996-07-19
1825,86049,,1980-01-01
1826,86049,hotmail,1936-08-16
1827,86049,,2000-08-16
1828,86049,,2001-06-22
1829,86049,hotmail,1980-01-01
1830,86049,,1980-01-01
1831,86049,gmail,2003-11-21
1832,86063,,1908-10-11
1833,86063,,1980-01-01
1834,86126,,1980-01-01
1835,86056,,2001-04-01
1836,86077,hotmail,1919-10-12
1837,86077,hotmail,1922-07-01
1838,86077,,2001-11-29
1839,86091,gmail,2009-06-11
1840,86098,,1980-01-01
1841,86105,hotmail,1999-08-31
1842,86126,,1980-01-01
1843,86056,,2003-12-12
1844,86140,,1992-10-27
1845,86147,,1980-01-01
1846,86147,,1962-12-01
1847,86147,,1964-11-27
1848,86147,hotmail,1917-10-06
1849,86154,,1997-08-11
1850,86161,gmail,2012-10-12
1851,86161,,1928-01-02
1852,86161,,1917-12-07
1853,86161,,1992-05-22
1854,94007,hotmail,1953-04-08
1855,94007,hotmail,1993-07-31
1856,94007,,1992-08-10
1857,94007,hotmail,1980-01-01
1858,94007,hotmail,2001-02-15
1859,94007,hotmail,1980-01-01
1860,94007,,1980-01-01
1861,94014,,1926-11-08
1862,94014,,1994-12-12
1863,90084,gmail,2022-03-04
1864,90084,hotmail,1903-06-26
1865,90084,,1905-07-18
1866,90084,,1929-02-02
1867,90084,,1934-09-24
1868,90084,,1927-04-17
1869,90084,,1935-06-09
1870,90084,,1947-12-05
1871,90084,hotmail,2001-07-19
1872,90084,gmail,2011-11-08
1873,90014,hotmail,1988-05-05
1874,90014,,1980-01-01
1875,90014,hotmail,1980-01-01
1876,90014,,1920-05-16
1877,90028,,1932-03-23
1878,90028,,2012-04-25
1879,90035,,1921-10-12
1880,90042,,1912-06-02
1881,90049,,1909-07-09
1882,90056,gmail,1995-12-02
1883,90056,,1917-08-30
1884,90056,,1926-09-12
1885,90070,yahoo,1906-07-19
1886,90070,yahoo,1949-06-22
1887,90070,hotmail,1987-12-13
1888,90070,yahoo,1929-06-02
1889,90070,,2012-03-21
1890,90077,,1911-02-10
1891,90077,,1972-02-20
1892,90021,,1980-01-01
1893,90112,,1912-11-20
1894,90098,,1909-04-01
1895,90098,,1980-01-01
1896,90105,,1923-05-17
1897,90105,,1928-09-15
1898,90105,,1935-05-05
1899,90105,,1959-11-04
1900,90119,yahoo,1980-01-01
